Record Length,2500,Points,0.0,0.0,
Sample Interval,39.99999911E-3,s,39.99999911E-3,0.0,
Trigger Point,0.0,Samples,79.999998212E-3,0.0,
,,,119.9999973E-3,0.0,
,,,159.99999642E-3,79.999998212E-3,
,,,199.99998808E-3,0.0,
Source,CH3,,239.99999464E-3,79.999998212E-3,
Vertical Units,Volts,,280.00000119E-3,0.0,
Vertical Scale,2.0000000,,319.99999285E-3,79.999998212E-3,
Vertical Offset,0,,359.99998450E-3,79.999998212E-3,
Horizontal Units,s,,399.99997616E-3,0.0,
Horizontal Scale,9.999999776,,439.999997616E-3,79.999998212E-3,
Pt Fmt,Y,,479.999989271E-3,0.0,
Yzero,-3.04000000,,519.999980927E-3,79.999998212E-3,
Probe Atten,1.000000,,560.000002384E-3,0.0,
,,,599.999964237E-3,0.0,
Note,TDS 2004B - 6:57:53 AM   11/17/2017,,639.999985695E-3,0.0,
,,,680.000007153E-3,0.0,
,,,719.999969006E-3,0.0,
,,,759.999990463E-3,0.0,
,,,799.999952316E-3,0.0,
,,,839.999973774E-3,79.999998212E-3,
,,,879.999995232E-3,0.0,
,,,919.999957085E-3,79.999998212E-3,
,,,959.999978542E-3,79.999998212E-3,
,,,1.000000,0.0,
,,,1.0400000,0.0,
,,,1.0799999,0.0,
,,,1.1200000,0.0,
,,,1.1600000,79.999998212E-3,
,,,1.1999999,0.0,
,,,1.2400000,79.999998212E-3,
,,,1.2800000,0.0,
,,,1.3199999,79.999998212E-3,
,,,1.3600000,0.0,
,,,1.4000000,79.999998212E-3,
,,,1.4399999,79.999998212E-3,
,,,1.4800000,0.0,
,,,1.5200000,79.999998212E-3,
,,,1.5599999,79.999998212E-3,
,,,1.5999999,0.0,
,,,1.6400000,0.0,
,,,1.6799999,0.0,
,,,1.7199999,0.0,
,,,1.7600000,0.0,
,,,1.8000000,0.0,
,,,1.8399999,0.0,
,,,1.8800000,0.0,
,,,1.9200000,79.999998212E-3,
,,,1.9599999,0.0,
,,,2.0000000,0.0,
,,,2.0400000,0.0,
,,,2.0799999,0.0,
,,,2.1199999,79.999998212E-3,
,,,2.1599998,79.999998212E-3,
,,,2.2000000,0.0,
,,,2.2400000,0.0,
,,,2.2800000,0.0,
,,,2.3199999,79.999998212E-3,
,,,2.3599999,0.0,
,,,2.3999999,79.999998212E-3,
,,,2.4400001,79.999998212E-3,
,,,2.4800000,0.0,
,,,2.5200000,0.0,
,,,2.5599999,0.0,
,,,2.5999999,79.999998212E-3,
,,,2.6399999,0.0,
,,,2.6799998,79.999998212E-3,
,,,2.72000003,0.0,
,,,2.75999999,79.999998212E-3,
,,,2.79999995,79.999998212E-3,
,,,2.83999991,79.999998212E-3,
,,,2.87999988,0.0,
,,,2.91999984,79.999998212E-3,
,,,2.96000004,79.999998212E-3,
,,,3.00000000,79.999998212E-3,
,,,3.03999996,0.0,
,,,3.07999992,0.0,
,,,3.11999989,79.999998212E-3,
,,,3.15999985,0.0,
,,,3.19999981,0.0,
,,,3.24000001,0.0,
,,,3.27999997,0.0,
,,,3.31999993,79.999998212E-3,
,,,3.35999990,79.999998212E-3,
,,,3.39999986,79.999998212E-3,
,,,3.43999982,0.0,
,,,3.48000002,79.999998212E-3,
,,,3.51999998,79.999998212E-3,
,,,3.55999994,0.0,
,,,3.59999990,0.0,
,,,3.63999987,0.0,
,,,3.67999983,79.999998212E-3,
,,,3.72000003,79.999998212E-3,
,,,3.75999999,0.0,
,,,3.79999995,0.0,
,,,3.83999991,0.0,
,,,3.87999988,0.0,
,,,3.91999984,0.0,
,,,3.95999980,79.999998212E-3,
,,,4.00000000,0.0,
,,,4.03999996,0.0,
,,,4.07999992,0.0,
,,,4.11999989,0.0,
,,,4.15999985,0.0,
,,,4.19999981,0.0,
,,,4.23999977,0.0,
,,,4.27999973,0.0,
,,,4.31999969,0.0,
,,,4.36000013,0.0,
,,,4.40000010,0.0,
,,,4.44000006,79.999998212E-3,
,,,4.48000002,0.0,
,,,4.51999998,79.999998212E-3,
,,,4.55999994,0.0,
,,,4.59999990,0.0,
,,,4.63999987,0.0,
,,,4.67999983,0.0,
,,,4.71999979,79.999998212E-3,
,,,4.75999975,0.0,
,,,4.79999971,79.999998212E-3,
,,,4.83999968,0.0,
,,,4.88000011,79.999998212E-3,
,,,4.92000008,0.0,
,,,4.96000004,0.0,
,,,5.00000000,0.0,
,,,5.03999996,0.0,
,,,5.07999992,0.0,
,,,5.11999989,79.999998212E-3,
,,,5.15999985,0.0,
,,,5.19999981,0.0,
,,,5.23999977,0.0,
,,,5.27999973,0.0,
,,,5.31999969,79.999998212E-3,
,,,5.35999966,79.999998212E-3,
,,,5.40000010,79.999998212E-3,
,,,5.44000006,0.0,
,,,5.48000002,79.999998212E-3,
,,,5.51999998,0.0,
,,,5.55999994,79.999998212E-3,
,,,5.59999990,0.0,
,,,5.63999987,0.0,
,,,5.67999983,79.999998212E-3,
,,,5.71999979,0.0,
,,,5.75999975,0.0,
,,,5.79999971,79.999998212E-3,
,,,5.83999968,0.0,
,,,5.87999964,0.0,
,,,5.92000008,0.0,
,,,5.96000004,0.0,
,,,6.00000000,0.0,
,,,6.03999996,0.0,
,,,6.07999992,79.999998212E-3,
,,,6.11999989,0.0,
,,,6.15999985,0.0,
,,,6.19999981,79.999998212E-3,
,,,6.23999977,79.999998212E-3,
,,,6.27999973,0.0,
,,,6.31999969,79.999998212E-3,
,,,6.35999966,0.0,
,,,6.39999962,79.999998212E-3,
,,,6.44000006,0.0,
,,,6.48000002,0.0,
,,,6.51999998,0.0,
,,,6.55999994,79.999998212E-3,
,,,6.59999990,0.0,
,,,6.63999987,0.0,
,,,6.67999983,79.999998212E-3,
,,,6.71999979,79.999998212E-3,
,,,6.75999975,0.0,
,,,6.79999971,0.0,
,,,6.83999968,0.0,
,,,6.87999964,79.999998212E-3,
,,,6.92000008,0.0,
,,,6.96000004,0.0,
,,,7.00000000,0.0,
,,,7.03999996,0.0,
,,,7.07999992,79.999998212E-3,
,,,7.11999989,0.0,
,,,7.15999985,0.0,
,,,7.19999981,79.999998212E-3,
,,,7.23999977,0.0,
,,,7.27999973,79.999998212E-3,
,,,7.31999969,0.0,
,,,7.35999966,0.0,
,,,7.399999619,0.0,
,,,7.440000057,79.999998212E-3,
,,,7.480000019,79.999998212E-3,
,,,7.519999981,79.999998212E-3,
,,,7.559999943,79.999998212E-3,
,,,7.599999905,79.999998212E-3,
,,,7.639999866,0.0,
,,,7.679999828,0.0,
,,,7.719999790,0.0,
,,,7.759999752,79.999998212E-3,
,,,7.799999714,79.999998212E-3,
,,,7.839999676,79.999998212E-3,
,,,7.879999638,0.0,
,,,7.919999599,0.0,
,,,7.960000038,0.0,
,,,8.000000000,0.0,
,,,8.039999962,0.0,
,,,8.079999924,0.0,
,,,8.119999886,0.0,
,,,8.159999847,0.0,
,,,8.199999809,0.0,
,,,8.239999771,0.0,
,,,8.279999733,0.0,
,,,8.319999695,0.0,
,,,8.359999657,0.0,
,,,8.399999619,0.0,
,,,8.439999580,79.999998212E-3,
,,,8.479999542,0.0,
,,,8.519999504,0.0,
,,,8.559999466,79.999998212E-3,
,,,8.599999428,0.0,
,,,8.639999390,0.0,
,,,8.679999352,0.0,
,,,8.720000267,0.0,
,,,8.760000229,0.0,
,,,8.800000191,0.0,
,,,8.840000153,79.999998212E-3,
,,,8.880000114,79.999998212E-3,
,,,8.920000076,0.0,
,,,8.960000038,79.999998212E-3,
,,,9.000000000,79.999998212E-3,
,,,9.039999962,79.999998212E-3,
,,,9.079999924,79.999998212E-3,
,,,9.119999886,0.0,
,,,9.159999847,0.0,
,,,9.199999809,0.0,
,,,9.239999771,0.0,
,,,9.279999733,0.0,
,,,9.319999695,0.0,
,,,9.359999657,79.999998212E-3,
,,,9.399999619,79.999998212E-3,
,,,9.439999580,0.0,
,,,9.479999542,0.0,
,,,9.519999504,0.0,
,,,9.559999466,0.0,
,,,9.599999428,0.0,
,,,9.639999390,79.999998212E-3,
,,,9.679999352,79.999998212E-3,
,,,9.719999313,79.999998212E-3,
,,,9.760000229,0.0,
,,,9.800000191,0.0,
,,,9.840000153,0.0,
,,,9.880000114,0.0,
,,,9.920000076,79.999998212E-3,
,,,9.960000038,0.0,
,,,10.0000000,0.0,
,,,10.0400000,79.999998212E-3,
,,,10.0799999,79.999998212E-3,
,,,10.1199999,79.999998212E-3,
,,,10.1599998,0.0,
,,,10.1999998,0.0,
,,,10.2399998,0.0,
,,,10.2799997,0.0,
,,,10.3199997,79.999998212E-3,
,,,10.3599997,0.0,
,,,10.3999996,79.999998212E-3,
,,,10.4399996,79.999998212E-3,
,,,10.4799995,79.999998212E-3,
,,,10.5199995,79.999998212E-3,
,,,10.5599995,159.99999642E-3,
,,,10.5999994,159.99999642E-3,
,,,10.6399994,239.99999464E-3,
,,,10.6799994,159.99999642E-3,
,,,10.7199993,239.99999464E-3,
,,,10.7600002,239.99999464E-3,
,,,10.8000002,239.99999464E-3,
,,,10.8400002,239.99999464E-3,
,,,10.8800001,239.99999464E-3,
,,,10.9200001,239.99999464E-3,
,,,10.9600000,239.99999464E-3,
,,,11.0000000,319.99999285E-3,
,,,11.0400000,319.99999285E-3,
,,,11.0799999,319.99999285E-3,
,,,11.1199999,319.99999285E-3,
,,,11.1599998,399.99997616E-3,
,,,11.1999998,319.99999285E-3,
,,,11.2399998,399.99997616E-3,
,,,11.2799997,399.99997616E-3,
,,,11.3199997,399.99997616E-3,
,,,11.3599997,479.999989271E-3,
,,,11.3999996,479.999989271E-3,
,,,11.4399996,479.999989271E-3,
,,,11.4799995,479.999989271E-3,
,,,11.5199995,479.999989271E-3,
,,,11.5599995,479.999989271E-3,
,,,11.5999994,560.000002384E-3,
,,,11.6399994,560.000002384E-3,
,,,11.6799994,560.000002384E-3,
,,,11.7199993,560.000002384E-3,
,,,11.7599993,560.000002384E-3,
,,,11.8000002,560.000002384E-3,
,,,11.8400002,560.000002384E-3,
,,,11.8800001,560.000002384E-3,
,,,11.9200001,560.000002384E-3,
,,,11.9600000,639.999985695E-3,
,,,12.0000000,639.999985695E-3,
,,,12.0400000,639.999985695E-3,
,,,12.0799999,639.999985695E-3,
,,,12.1199999,639.999985695E-3,
,,,12.1599998,719.999969006E-3,
,,,12.1999998,719.999969006E-3,
,,,12.2399998,719.999969006E-3,
,,,12.2799997,719.999969006E-3,
,,,12.3199997,799.999952316E-3,
,,,12.3599997,799.999952316E-3,
,,,12.3999996,799.999952316E-3,
,,,12.4399996,799.999952316E-3,
,,,12.4799995,799.999952316E-3,
,,,12.5199995,799.999952316E-3,
,,,12.5599995,879.999995232E-3,
,,,12.5999994,879.999995232E-3,
,,,12.6399994,879.999995232E-3,
,,,12.6799994,959.999978542E-3,
,,,12.7199993,879.999995232E-3,
,,,12.7599993,879.999995232E-3,
,,,12.7999992,959.999978542E-3,
,,,12.8400002,959.999978542E-3,
,,,12.8800001,959.999978542E-3,
,,,12.9200001,959.999978542E-3,
,,,12.9600000,1.0400000,
,,,13.0000000,1.0400000,
,,,13.0400000,1.0400000,
,,,13.0799999,1.0400000,
,,,13.1199999,1.0400000,
,,,13.1599998,1.0400000,
,,,13.1999998,1.0400000,
,,,13.2399998,1.1200000,
,,,13.2799997,1.1200000,
,,,13.3199997,1.1200000,
,,,13.3599997,1.1999999,
,,,13.3999996,1.1200000,
,,,13.4399996,1.1999999,
,,,13.4799995,1.1999999,
,,,13.5199995,1.1999999,
,,,13.5599995,1.1999999,
,,,13.5999994,1.2800000,
,,,13.6399994,1.2800000,
,,,13.6799994,1.1999999,
,,,13.7199993,1.2800000,
,,,13.7599993,1.2800000,
,,,13.7999992,1.3600000,
,,,13.8400002,1.3600000,
,,,13.8800001,1.3600000,
,,,13.9200001,1.3600000,
,,,13.9600000,1.3600000,
,,,14.0000000,1.3600000,
,,,14.0400000,1.3600000,
,,,14.0799999,1.4399999,
,,,14.1199999,1.4399999,
,,,14.1599998,1.4399999,
,,,14.1999998,1.4399999,
,,,14.2399998,1.5200000,
,,,14.2799997,1.5200000,
,,,14.3199997,1.5200000,
,,,14.3599997,1.5200000,
,,,14.3999996,1.5200000,
,,,14.4399996,1.5200000,
,,,14.4799995,1.5200000,
,,,14.5199995,1.5999999,
,,,14.5599995,1.5999999,
,,,14.5999994,1.5999999,
,,,14.6399994,1.5999999,
,,,14.6799994,1.5999999,
,,,14.7199993,1.5999999,
,,,14.7599993,1.6799999,
,,,14.7999992,1.6799999,
,,,14.8399992,1.6799999,
,,,14.8800001,1.6799999,
,,,14.9200001,1.6799999,
,,,14.9600000,1.7600000,
,,,15.0000000,1.7600000,
,,,15.0400000,1.7600000,
,,,15.0799999,1.8399999,
,,,15.1199999,1.8399999,
,,,15.1599998,1.8399999,
,,,15.1999998,1.8399999,
,,,15.2399998,1.8399999,
,,,15.2799997,1.9200000,
,,,15.3199997,1.9200000,
,,,15.3599997,1.9200000,
,,,15.3999996,1.9200000,
,,,15.4399996,1.9200000,
,,,15.4799995,1.9200000,
,,,15.5199995,2.0000000,
,,,15.5599995,2.0000000,
,,,15.5999994,2.0000000,
,,,15.6399994,2.0000000,
,,,15.6799994,2.0000000,
,,,15.7199993,2.0000000,
,,,15.7599993,2.0000000,
,,,15.7999992,2.0000000,
,,,15.8399992,2.0799999,
,,,15.8800001,2.0799999,
,,,15.9200001,2.0799999,
,,,15.9600000,2.0799999,
,,,16.0000000,2.1599998,
,,,16.0399990,2.1599998,
,,,16.0799999,2.1599998,
,,,16.1199989,2.1599998,
,,,16.1599998,2.1599998,
,,,16.1999989,2.2400000,
,,,16.2399998,2.1599998,
,,,16.2799988,2.2400000,
,,,16.3199997,2.2400000,
,,,16.3599987,2.2400000,
,,,16.3999996,2.3199999,
,,,16.4400005,2.2400000,
,,,16.4799995,2.3199999,
,,,16.5200005,2.2400000,
,,,16.5599995,2.3199999,
,,,16.6000004,2.3199999,
,,,16.6399994,2.3199999,
,,,16.6800003,2.3999999,
,,,16.7199993,2.3999999,
,,,16.7600002,2.3999999,
,,,16.7999992,2.4800000,
,,,16.8400002,2.4800000,
,,,16.8799992,2.4800000,
,,,16.9200001,2.4800000,
,,,16.9599991,2.4800000,
,,,17.0000000,2.4800000,
,,,17.0399990,2.4800000,
,,,17.0799999,2.5599999,
,,,17.1199989,2.5599999,
,,,17.1599998,2.5599999,
,,,17.1999989,2.5599999,
,,,17.2399998,2.5599999,
,,,17.2799988,2.6399999,
,,,17.3199997,2.6399999,
,,,17.3599987,2.6399999,
,,,17.3999996,2.5599999,
,,,17.4400005,2.6399999,
,,,17.4799995,2.6399999,
,,,17.5200005,2.6399999,
,,,17.5599995,2.72000003,
,,,17.6000004,2.72000003,
,,,17.6399994,2.72000003,
,,,17.6800003,2.72000003,
,,,17.7199993,2.79999995,
,,,17.7600002,2.79999995,
,,,17.7999992,2.79999995,
,,,17.8400002,2.79999995,
,,,17.8799992,2.87999988,
,,,17.9200001,2.87999988,
,,,17.9599991,2.87999988,
,,,18.0000000,2.87999988,
,,,18.0399990,2.87999988,
,,,18.0799999,2.96000004,
,,,18.1199989,2.96000004,
,,,18.1599998,2.96000004,
,,,18.1999989,2.96000004,
,,,18.2399998,2.96000004,
,,,18.2799988,2.96000004,
,,,18.3199997,2.96000004,
,,,18.3599987,3.03999996,
,,,18.3999996,3.03999996,
,,,18.4400005,3.03999996,
,,,18.4799995,3.03999996,
,,,18.5200005,3.03999996,
,,,18.5599995,3.03999996,
,,,18.6000004,3.11999989,
,,,18.6399994,3.11999989,
,,,18.6800003,3.11999989,
,,,18.7199993,3.19999981,
,,,18.7600002,3.19999981,
,,,18.7999992,3.19999981,
,,,18.8400002,3.19999981,
,,,18.8799992,3.19999981,
,,,18.9200001,3.27999997,
,,,18.9599991,3.19999981,
,,,19.0000000,3.19999981,
,,,19.0399990,3.27999997,
,,,19.0799999,3.27999997,
,,,19.1199989,3.27999997,
,,,19.1599998,3.27999997,
,,,19.1999989,3.35999990,
,,,19.2399998,3.35999990,
,,,19.2799988,3.35999990,
,,,19.3199997,3.35999990,
,,,19.3599987,3.35999990,
,,,19.3999996,3.35999990,
,,,19.4399986,3.35999990,
,,,19.4799995,3.43999982,
,,,19.5200005,3.43999982,
,,,19.5599995,3.51999998,
,,,19.6000004,3.43999982,
,,,19.6399994,3.51999998,
,,,19.6800003,3.51999998,
,,,19.7199993,3.51999998,
,,,19.7600002,3.59999990,
,,,19.7999992,3.51999998,
,,,19.8400002,3.59999990,
,,,19.8799992,3.59999990,
,,,19.9200001,3.59999990,
,,,19.9599991,3.59999990,
,,,20.0000000,3.59999990,
,,,20.0399990,3.59999990,
,,,20.0799999,3.59999990,
,,,20.11999893,3.67999983,
,,,20.15999985,3.67999983,
,,,20.19999886,3.67999983,
,,,20.23999977,3.67999983,
,,,20.27999878,3.67999983,
,,,20.31999969,3.67999983,
,,,20.35999870,3.75999999,
,,,20.39999962,3.75999999,
,,,20.43999863,3.75999999,
,,,20.47999954,3.75999999,
,,,20.52000046,3.75999999,
,,,20.55999947,3.83999991,
,,,20.60000038,3.75999999,
,,,20.63999939,3.83999991,
,,,20.68000031,3.83999991,
,,,20.71999931,3.91999984,
,,,20.76000023,3.91999984,
,,,20.79999924,3.91999984,
,,,20.84000015,3.91999984,
,,,20.87999916,3.91999984,
,,,20.92000008,3.91999984,
,,,20.95999908,3.91999984,
,,,21.00000000,4.00000000,
,,,21.03999901,4.00000000,
,,,21.07999992,4.00000000,
,,,21.11999893,4.00000000,
,,,21.15999985,4.07999992,
,,,21.19999886,4.00000000,
,,,21.23999977,4.07999992,
,,,21.27999878,4.07999992,
,,,21.31999969,4.07999992,
,,,21.35999870,4.07999992,
,,,21.39999962,4.07999992,
,,,21.43999863,4.07999992,
,,,21.47999954,4.15999985,
,,,21.52000046,4.15999985,
,,,21.55999947,4.15999985,
,,,21.60000038,4.15999985,
,,,21.63999939,4.23999977,
,,,21.68000031,4.23999977,
,,,21.71999931,4.23999977,
,,,21.76000023,4.23999977,
,,,21.79999924,4.23999977,
,,,21.84000015,4.23999977,
,,,21.87999916,4.23999977,
,,,21.92000008,4.31999969,
,,,21.95999908,4.31999969,
,,,22.00000000,4.31999969,
,,,22.03999901,4.31999969,
,,,22.07999992,4.31999969,
,,,22.11999893,4.31999969,
,,,22.15999985,4.40000010,
,,,22.19999886,4.40000010,
,,,22.23999977,4.40000010,
,,,22.27999878,4.40000010,
,,,22.31999969,4.48000002,
,,,22.35999870,4.48000002,
,,,22.39999962,4.48000002,
,,,22.43999863,4.48000002,
,,,22.47999954,4.48000002,
,,,22.51999855,4.55999994,
,,,22.55999947,4.55999994,
,,,22.60000038,4.55999994,
,,,22.63999939,4.55999994,
,,,22.68000031,4.55999994,
,,,22.71999931,4.63999987,
,,,22.76000023,4.63999987,
,,,22.79999924,4.63999987,
,,,22.84000015,4.63999987,
,,,22.87999916,4.63999987,
,,,22.92000008,4.63999987,
,,,22.95999908,4.63999987,
,,,23.00000000,4.71999979,
,,,23.03999901,4.71999979,
,,,23.07999992,4.71999979,
,,,23.11999893,4.71999979,
,,,23.15999985,4.79999971,
,,,23.19999886,4.79999971,
,,,23.23999977,4.79999971,
,,,23.27999878,4.79999971,
,,,23.31999969,4.79999971,
,,,23.35999870,4.88000011,
,,,23.39999962,4.88000011,
,,,23.43999863,4.88000011,
,,,23.47999954,4.88000011,
,,,23.51999855,4.88000011,
,,,23.55999947,4.96000004,
,,,23.60000038,4.88000011,
,,,23.63999939,4.96000004,
,,,23.68000031,4.96000004,
,,,23.71999931,4.96000004,
,,,23.76000023,4.96000004,
,,,23.79999924,4.96000004,
,,,23.84000015,5.03999996,
,,,23.87999916,5.03999996,
,,,23.92000008,4.96000004,
,,,23.95999908,5.03999996,
,,,24.00000000,5.03999996,
,,,24.03999901,5.03999996,
,,,24.07999992,5.03999996,
,,,24.11999893,5.03999996,
,,,24.15999985,5.11999989,
,,,24.19999886,5.11999989,
,,,24.23999977,5.11999989,
,,,24.27999878,5.19999981,
,,,24.31999969,5.11999989,
,,,24.35999870,5.19999981,
,,,24.39999962,5.19999981,
,,,24.43999863,5.19999981,
,,,24.47999954,5.19999981,
,,,24.51999855,5.19999981,
,,,24.55999947,5.27999973,
,,,24.60000038,5.27999973,
,,,24.63999939,5.27999973,
,,,24.68000031,5.27999973,
,,,24.71999931,5.35999966,
,,,24.76000023,5.27999973,
,,,24.79999924,5.35999966,
,,,24.84000015,5.35999966,
,,,24.87999916,5.35999966,
,,,24.92000008,5.35999966,
,,,24.95999908,5.35999966,
,,,25.00000000,5.44000006,
,,,25.03999901,5.35999966,
,,,25.07999992,5.44000006,
,,,25.11999893,5.44000006,
,,,25.15999985,5.51999998,
,,,25.19999886,5.51999998,
,,,25.23999977,5.51999998,
,,,25.27999878,5.51999998,
,,,25.31999969,5.51999998,
,,,25.35999870,5.51999998,
,,,25.39999962,5.59999990,
,,,25.43999863,5.59999990,
,,,25.47999954,5.59999990,
,,,25.51999855,5.67999983,
,,,25.55999947,5.59999990,
,,,25.59999847,5.59999990,
,,,25.63999939,5.59999990,
,,,25.68000031,5.59999990,
,,,25.71999931,5.67999983,
,,,25.76000023,5.67999983,
,,,25.79999924,5.67999983,
,,,25.84000015,5.67999983,
,,,25.87999916,5.75999975,
,,,25.92000008,5.75999975,
,,,25.95999908,5.75999975,
,,,26.00000000,5.75999975,
,,,26.03999901,5.75999975,
,,,26.07999992,5.75999975,
,,,26.11999893,5.75999975,
,,,26.15999985,5.83999968,
,,,26.19999886,5.83999968,
,,,26.23999977,5.83999968,
,,,26.27999878,5.92000008,
,,,26.31999969,5.83999968,
,,,26.35999870,5.92000008,
,,,26.39999962,5.92000008,
,,,26.43999863,5.92000008,
,,,26.47999954,5.92000008,
,,,26.51999855,6.00000000,
,,,26.55999947,6.00000000,
,,,26.59999847,6.00000000,
,,,26.63999939,6.00000000,
,,,26.68000031,6.07999992,
,,,26.71999931,6.00000000,
,,,26.76000023,6.07999992,
,,,26.79999924,6.07999992,
,,,26.84000015,6.07999992,
,,,26.87999916,6.07999992,
,,,26.92000008,6.07999992,
,,,26.95999908,6.15999985,
,,,27.00000000,6.15999985,
,,,27.03999901,6.15999985,
,,,27.07999992,6.15999985,
,,,27.11999893,6.23999977,
,,,27.15999985,6.23999977,
,,,27.19999886,6.23999977,
,,,27.23999977,6.23999977,
,,,27.27999878,6.23999977,
,,,27.31999969,6.31999969,
,,,27.35999870,6.31999969,
,,,27.39999962,6.23999977,
,,,27.43999863,6.31999969,
,,,27.47999954,6.31999969,
,,,27.51999855,6.31999969,
,,,27.55999947,6.39999962,
,,,27.59999847,6.31999969,
,,,27.63999939,6.39999962,
,,,27.68000031,6.31999969,
,,,27.71999931,6.39999962,
,,,27.76000023,6.39999962,
,,,27.79999924,6.39999962,
,,,27.84000015,6.48000002,
,,,27.87999916,6.39999962,
,,,27.92000008,6.39999962,
,,,27.95999908,6.48000002,
,,,28.00000000,6.48000002,
,,,28.03999901,6.48000002,
,,,28.07999992,6.48000002,
,,,28.11999893,6.48000002,
,,,28.15999985,6.55999994,
,,,28.19999886,6.48000002,
,,,28.23999977,6.55999994,
,,,28.27999878,6.63999987,
,,,28.31999969,6.63999987,
,,,28.35999870,6.63999987,
,,,28.39999962,6.63999987,
,,,28.43999863,6.63999987,
,,,28.47999954,6.63999987,
,,,28.51999855,6.71999979,
,,,28.55999947,6.63999987,
,,,28.59999847,6.63999987,
,,,28.63999939,6.71999979,
,,,28.68000031,6.71999979,
,,,28.71999931,6.71999979,
,,,28.76000023,6.79999971,
,,,28.79999924,6.79999971,
,,,28.84000015,6.79999971,
,,,28.87999916,6.79999971,
,,,28.92000008,6.79999971,
,,,28.95999908,6.79999971,
,,,29.00000000,6.87999964,
,,,29.03999901,6.87999964,
,,,29.07999992,6.87999964,
,,,29.11999893,6.87999964,
,,,29.15999985,6.87999964,
,,,29.19999886,6.96000004,
,,,29.23999977,6.87999964,
,,,29.27999878,6.96000004,
,,,29.31999969,6.96000004,
,,,29.35999870,6.96000004,
,,,29.39999962,7.03999996,
,,,29.43999863,6.96000004,
,,,29.47999954,7.03999996,
,,,29.51999855,6.96000004,
,,,29.55999947,7.03999996,
,,,29.59999847,7.03999996,
,,,29.63999939,7.11999989,
,,,29.67999840,7.03999996,
,,,29.71999931,7.03999996,
,,,29.76000023,7.11999989,
,,,29.79999924,7.11999989,
,,,29.84000015,7.19999981,
,,,29.87999916,7.11999989,
,,,29.92000008,7.11999989,
,,,29.95999908,7.19999981,
,,,30.00000000,7.19999981,
,,,30.03999901,7.19999981,
,,,30.07999992,7.19999981,
,,,30.11999893,7.19999981,
,,,30.15999985,7.19999981,
,,,30.19999886,7.27999973,
,,,30.23999977,7.27999973,
,,,30.27999878,7.27999973,
,,,30.31999969,7.27999973,
,,,30.35999870,7.27999973,
,,,30.39999962,7.27999973,
,,,30.43999863,7.35999966,
,,,30.47999954,7.35999966,
,,,30.51999855,7.35999966,
,,,30.55999947,7.35999966,
,,,30.59999847,7.35999966,
,,,30.63999939,7.440000057,
,,,30.67999840,7.35999966,
,,,30.71999931,7.440000057,
,,,30.76000023,7.440000057,
,,,30.79999924,7.519999981,
,,,30.84000015,7.519999981,
,,,30.87999916,7.519999981,
,,,30.92000008,7.519999981,
,,,30.95999908,7.519999981,
,,,31.00000000,7.599999905,
,,,31.03999901,7.599999905,
,,,31.07999992,7.519999981,
,,,31.11999893,7.599999905,
,,,31.15999985,7.599999905,
,,,31.19999886,7.599999905,
,,,31.23999977,7.599999905,
,,,31.27999878,7.599999905,
,,,31.31999969,7.679999828,
,,,31.35999870,7.679999828,
,,,31.39999962,7.679999828,
,,,31.43999863,7.679999828,
,,,31.47999954,7.679999828,
,,,31.51999855,7.759999752,
,,,31.55999947,7.759999752,
,,,31.59999847,7.759999752,
,,,31.63999939,7.759999752,
,,,31.67999840,7.759999752,
,,,31.71999931,7.759999752,
,,,31.76000023,7.759999752,
,,,31.79999924,7.839999676,
,,,31.84000015,7.839999676,
,,,31.87999916,7.839999676,
,,,31.92000008,7.839999676,
,,,31.95999908,7.839999676,
,,,32.00000000,7.919999599,
,,,32.04000092,7.919999599,
,,,32.07999802,7.919999599,
,,,32.11999893,7.919999599,
,,,32.15999985,7.919999599,
,,,32.20000076,7.919999599,
,,,32.23999786,8.000000000,
,,,32.27999878,7.919999599,
,,,32.31999969,8.000000000,
,,,32.36000061,8.000000000,
,,,32.39999771,8.000000000,
,,,32.43999863,8.079999924,
,,,32.47999954,8.000000000,
,,,32.52000046,8.079999924,
,,,32.55999756,8.079999924,
,,,32.59999847,8.079999924,
,,,32.63999939,8.159999847,
,,,32.68000031,8.159999847,
,,,32.71999741,8.159999847,
,,,32.75999832,8.159999847,
,,,32.79999924,8.159999847,
,,,32.84000015,8.159999847,
,,,32.88000107,8.239999771,
,,,32.91999817,8.239999771,
,,,32.95999908,8.239999771,
,,,33.00000000,8.239999771,
,,,33.04000092,8.239999771,
,,,33.07999802,8.319999695,
,,,33.11999893,8.239999771,
,,,33.15999985,8.319999695,
,,,33.20000076,8.319999695,
,,,33.23999786,8.319999695,
,,,33.27999878,8.319999695,
,,,33.31999969,8.319999695,
,,,33.36000061,8.319999695,
,,,33.39999771,8.319999695,
,,,33.43999863,8.319999695,
,,,33.47999954,8.399999619,
,,,33.52000046,8.399999619,
,,,33.55999756,8.399999619,
,,,33.59999847,8.399999619,
,,,33.63999939,8.479999542,
,,,33.68000031,8.479999542,
,,,33.71999741,8.479999542,
,,,33.75999832,8.479999542,
,,,33.79999924,8.479999542,
,,,33.84000015,8.479999542,
,,,33.88000107,8.559999466,
,,,33.91999817,8.559999466,
,,,33.95999908,8.559999466,
,,,34.00000000,8.639999390,
,,,34.04000092,8.559999466,
,,,34.07999802,8.639999390,
,,,34.11999893,8.639999390,
,,,34.15999985,8.639999390,
,,,34.20000076,8.639999390,
,,,34.23999786,8.639999390,
,,,34.27999878,8.639999390,
,,,34.31999969,8.720000267,
,,,34.36000061,8.720000267,
,,,34.39999771,8.720000267,
,,,34.43999863,8.720000267,
,,,34.47999954,8.800000191,
,,,34.52000046,8.720000267,
,,,34.55999756,8.800000191,
,,,34.59999847,8.800000191,
,,,34.63999939,8.880000114,
,,,34.68000031,8.800000191,
,,,34.71999741,8.800000191,
,,,34.75999832,8.800000191,
,,,34.79999924,8.800000191,
,,,34.84000015,8.880000114,
,,,34.88000107,8.800000191,
,,,34.91999817,8.800000191,
,,,34.95999908,8.880000114,
,,,35.00000000,8.800000191,
,,,35.04000092,8.800000191,
,,,35.07999802,8.800000191,
,,,35.11999893,8.800000191,
,,,35.15999985,8.800000191,
,,,35.20000076,8.800000191,
,,,35.23999786,8.800000191,
,,,35.27999878,8.800000191,
,,,35.31999969,8.800000191,
,,,35.36000061,8.800000191,
,,,35.39999771,8.800000191,
,,,35.43999863,8.800000191,
,,,35.47999954,8.800000191,
,,,35.52000046,8.800000191,
,,,35.55999756,8.880000114,
,,,35.59999847,8.800000191,
,,,35.63999939,8.800000191,
,,,35.68000031,8.800000191,
,,,35.71999741,8.800000191,
,,,35.75999832,8.800000191,
,,,35.79999924,8.800000191,
,,,35.84000015,8.720000267,
,,,35.88000107,8.800000191,
,,,35.91999817,8.880000114,
,,,35.95999908,8.800000191,
,,,36.00000000,8.800000191,
,,,36.04000092,8.880000114,
,,,36.07999802,8.800000191,
,,,36.11999893,8.800000191,
,,,36.15999985,8.800000191,
,,,36.20000076,-4.15999985,
,,,36.23999786,-4.15999985,
,,,36.27999878,-4.15999985,
,,,36.31999969,-4.15999985,
,,,36.36000061,-4.15999985,
,,,36.39999771,-4.15999985,
,,,36.43999863,-4.15999985,
,,,36.47999954,-4.15999985,
,,,36.52000046,-4.15999985,
,,,36.55999756,-4.15999985,
,,,36.59999847,-4.15999985,
,,,36.63999939,-4.15999985,
,,,36.68000031,-4.15999985,
,,,36.71999741,-4.15999985,
,,,36.75999832,-4.15999985,
,,,36.79999924,-4.15999985,
,,,36.84000015,-4.15999985,
,,,36.88000107,-4.15999985,
,,,36.91999817,-4.15999985,
,,,36.95999908,-4.15999985,
,,,37.00000000,-4.15999985,
,,,37.04000092,-4.15999985,
,,,37.07999802,-4.15999985,
,,,37.11999893,-4.15999985,
,,,37.15999985,-4.15999985,
,,,37.20000076,-4.15999985,
,,,37.23999786,-4.15999985,
,,,37.27999878,-4.15999985,
,,,37.31999969,-4.15999985,
,,,37.36000061,-4.15999985,
,,,37.39999771,-4.15999985,
,,,37.43999863,-4.15999985,
,,,37.47999954,-4.15999985,
,,,37.52000046,-4.15999985,
,,,37.55999756,-4.15999985,
,,,37.59999847,-4.15999985,
,,,37.63999939,-4.15999985,
,,,37.68000031,-4.15999985,
,,,37.71999741,-4.15999985,
,,,37.75999832,-4.15999985,
,,,37.79999924,-4.15999985,
,,,37.84000015,-4.15999985,
,,,37.87999725,-4.15999985,
,,,37.91999817,-4.15999985,
,,,37.95999908,-4.15999985,
,,,38.00000000,-4.15999985,
,,,38.04000092,-4.15999985,
,,,38.07999802,-4.15999985,
,,,38.11999893,-4.15999985,
,,,38.15999985,-4.15999985,
,,,38.20000076,-4.15999985,
,,,38.23999786,-4.15999985,
,,,38.27999878,-4.15999985,
,,,38.31999969,-4.15999985,
,,,38.36000061,-4.15999985,
,,,38.39999771,-4.15999985,
,,,38.43999863,-4.15999985,
,,,38.47999954,-4.15999985,
,,,38.52000046,-4.15999985,
,,,38.55999756,-4.15999985,
,,,38.59999847,-4.15999985,
,,,38.63999939,-4.15999985,
,,,38.68000031,-4.15999985,
,,,38.71999741,-4.15999985,
,,,38.75999832,-4.15999985,
,,,38.79999924,-4.15999985,
,,,38.84000015,-4.15999985,
,,,38.87999725,-4.15999985,
,,,38.91999817,-4.15999985,
,,,38.95999908,-4.15999985,
,,,39.00000000,-4.15999985,
,,,39.04000092,-4.15999985,
,,,39.07999802,-4.15999985,
,,,39.11999893,-4.15999985,
,,,39.15999985,-4.15999985,
,,,39.20000076,-4.15999985,
,,,39.23999786,-4.15999985,
,,,39.27999878,-4.15999985,
,,,39.31999969,-4.15999985,
,,,39.36000061,-4.15999985,
,,,39.39999771,-4.15999985,
,,,39.43999863,-4.15999985,
,,,39.47999954,-4.15999985,
,,,39.52000046,-4.15999985,
,,,39.55999756,-4.15999985,
,,,39.59999847,-4.15999985,
,,,39.63999939,-4.15999985,
,,,39.68000031,-4.15999985,
,,,39.71999741,-4.15999985,
,,,39.75999832,-4.15999985,
,,,39.79999924,-4.15999985,
,,,39.84000015,-4.15999985,
,,,39.87999725,-4.15999985,
,,,39.91999817,-4.15999985,
,,,39.95999908,-4.15999985,
,,,40.00000000,-4.15999985,
,,,40.04000092,-4.15999985,
,,,40.07999802,-4.15999985,
,,,40.11999893,-4.15999985,
,,,40.15999985,-4.15999985,
,,,40.20000076,-4.15999985,
,,,40.23999786,-4.15999985,
,,,40.27999878,-4.15999985,
,,,40.31999969,-4.15999985,
,,,40.36000061,-4.15999985,
,,,40.39999771,-4.15999985,
,,,40.43999863,-4.15999985,
,,,40.47999954,-4.15999985,
,,,40.52000046,-4.15999985,
,,,40.55999756,-4.15999985,
,,,40.59999847,-4.15999985,
,,,40.63999939,-4.15999985,
,,,40.68000031,-4.15999985,
,,,40.71999741,-4.15999985,
,,,40.75999832,-4.15999985,
,,,40.79999924,-4.15999985,
,,,40.84000015,-4.15999985,
,,,40.87999725,-4.15999985,
,,,40.91999817,-4.15999985,
,,,40.95999908,-4.15999985,
,,,41.00000000,-4.15999985,
,,,41.04000092,-4.15999985,
,,,41.07999802,-4.15999985,
,,,41.11999893,-4.15999985,
,,,41.15999985,-4.15999985,
,,,41.20000076,-4.15999985,
,,,41.23999786,-4.15999985,
,,,41.27999878,-4.15999985,
,,,41.31999969,-4.15999985,
,,,41.36000061,-4.15999985,
,,,41.39999771,-4.15999985,
,,,41.43999863,-4.15999985,
,,,41.47999954,-4.15999985,
,,,41.52000046,-4.15999985,
,,,41.55999756,-4.15999985,
,,,41.59999847,-4.15999985,
,,,41.63999939,-4.15999985,
,,,41.68000031,-4.15999985,
,,,41.71999741,-4.15999985,
,,,41.75999832,-4.15999985,
,,,41.79999924,-4.15999985,
,,,41.84000015,-4.15999985,
,,,41.87999725,-4.15999985,
,,,41.91999817,-4.15999985,
,,,41.95999908,-4.15999985,
,,,42.00000000,-4.15999985,
,,,42.04000092,-4.15999985,
,,,42.07999802,-4.15999985,
,,,42.11999893,-4.15999985,
,,,42.15999985,-4.15999985,
,,,42.20000076,-4.15999985,
,,,42.23999786,-4.15999985,
,,,42.27999878,-4.15999985,
,,,42.31999969,-4.15999985,
,,,42.36000061,-4.15999985,
,,,42.39999771,-4.15999985,
,,,42.43999863,-4.15999985,
,,,42.47999954,-4.15999985,
,,,42.52000046,-4.15999985,
,,,42.55999756,-4.15999985,
,,,42.59999847,-4.15999985,
,,,42.63999939,-4.15999985,
,,,42.68000031,-4.15999985,
,,,42.71999741,-4.15999985,
,,,42.75999832,-4.15999985,
,,,42.79999924,-4.15999985,
,,,42.84000015,-4.15999985,
,,,42.87999725,-4.15999985,
,,,42.91999817,-4.15999985,
,,,42.95999908,-4.15999985,
,,,43.00000000,-4.15999985,
,,,43.04000092,-4.15999985,
,,,43.07999802,-4.15999985,
,,,43.11999893,-4.15999985,
,,,43.15999985,-4.15999985,
,,,43.20000076,-4.15999985,
,,,43.23999786,-4.15999985,
,,,43.27999878,-4.15999985,
,,,43.31999969,-4.15999985,
,,,43.36000061,-4.15999985,
,,,43.39999771,-4.15999985,
,,,43.43999863,-4.15999985,
,,,43.47999954,-4.15999985,
,,,43.52000046,-4.15999985,
,,,43.55999756,-4.15999985,
,,,43.59999847,-4.15999985,
,,,43.63999939,-4.15999985,
,,,43.68000031,-4.15999985,
,,,43.71999741,-4.15999985,
,,,43.75999832,-4.15999985,
,,,43.79999924,-4.15999985,
,,,43.84000015,-4.15999985,
,,,43.87999725,-4.15999985,
,,,43.91999817,-4.15999985,
,,,43.95999908,-4.15999985,
,,,44.00000000,-4.15999985,
,,,44.04000092,-4.15999985,
,,,44.07999802,-4.15999985,
,,,44.11999893,-4.15999985,
,,,44.15999985,-4.15999985,
,,,44.20000076,-4.15999985,
,,,44.23999786,-4.15999985,
,,,44.27999878,-4.15999985,
,,,44.31999969,-4.15999985,
,,,44.36000061,-4.15999985,
,,,44.39999771,-4.15999985,
,,,44.43999863,-4.15999985,
,,,44.47999954,-4.15999985,
,,,44.52000046,-4.15999985,
,,,44.55999756,-4.15999985,
,,,44.59999847,-4.15999985,
,,,44.63999939,-4.15999985,
,,,44.68000031,-4.15999985,
,,,44.71999741,-4.15999985,
,,,44.75999832,-4.15999985,
,,,44.79999924,-4.15999985,
,,,44.84000015,-4.15999985,
,,,44.87999725,-4.15999985,
,,,44.91999817,-4.15999985,
,,,44.95999908,-4.15999985,
,,,45.00000000,-4.15999985,
,,,45.03999710,-4.15999985,
,,,45.07999802,-4.15999985,
,,,45.11999893,-4.15999985,
,,,45.15999985,-4.15999985,
,,,45.20000076,-4.15999985,
,,,45.23999786,-4.15999985,
,,,45.27999878,-4.15999985,
,,,45.31999969,-4.15999985,
,,,45.36000061,-4.15999985,
,,,45.39999771,-4.15999985,
,,,45.43999863,-4.15999985,
,,,45.47999954,-4.15999985,
,,,45.52000046,-4.15999985,
,,,45.55999756,-4.15999985,
,,,45.59999847,-4.15999985,
,,,45.63999939,-4.15999985,
,,,45.68000031,-4.15999985,
,,,45.71999741,-4.15999985,
,,,45.75999832,-4.15999985,
,,,45.79999924,-4.15999985,
,,,45.84000015,-4.15999985,
,,,45.87999725,-4.15999985,
,,,45.91999817,-4.15999985,
,,,45.95999908,-4.15999985,
,,,46.00000000,-4.15999985,
,,,46.03999710,-4.15999985,
,,,46.07999802,-4.15999985,
,,,46.11999893,-4.15999985,
,,,46.15999985,-4.15999985,
,,,46.20000076,-4.15999985,
,,,46.23999786,-4.15999985,
,,,46.27999878,-4.15999985,
,,,46.31999969,-4.15999985,
,,,46.36000061,-4.15999985,
,,,46.39999771,-4.15999985,
,,,46.43999863,-4.15999985,
,,,46.47999954,-4.15999985,
,,,46.52000046,-4.15999985,
,,,46.55999756,-4.15999985,
,,,46.59999847,-4.15999985,
,,,46.63999939,-4.15999985,
,,,46.68000031,-4.15999985,
,,,46.71999741,-4.15999985,
,,,46.75999832,-4.15999985,
,,,46.79999924,-4.15999985,
,,,46.84000015,-4.15999985,
,,,46.87999725,-4.15999985,
,,,46.91999817,-4.15999985,
,,,46.95999908,-4.15999985,
,,,47.00000000,-4.15999985,
,,,47.03999710,-4.15999985,
,,,47.07999802,-4.15999985,
,,,47.11999893,-4.15999985,
,,,47.15999985,-4.15999985,
,,,47.20000076,-4.15999985,
,,,47.23999786,-4.15999985,
,,,47.27999878,-4.15999985,
,,,47.31999969,-4.15999985,
,,,47.36000061,-4.15999985,
,,,47.39999771,-4.15999985,
,,,47.43999863,-4.15999985,
,,,47.47999954,-4.15999985,
,,,47.52000046,-4.15999985,
,,,47.55999756,-4.15999985,
,,,47.59999847,-4.15999985,
,,,47.63999939,-4.15999985,
,,,47.68000031,-4.15999985,
,,,47.71999741,-4.15999985,
,,,47.75999832,-4.15999985,
,,,47.79999924,-4.15999985,
,,,47.84000015,-4.15999985,
,,,47.87999725,-4.15999985,
,,,47.91999817,-4.15999985,
,,,47.95999908,-4.15999985,
,,,48.00000000,-4.15999985,
,,,48.03999710,-4.15999985,
,,,48.07999802,-4.15999985,
,,,48.11999893,-4.15999985,
,,,48.15999985,-4.15999985,
,,,48.20000076,-4.15999985,
,,,48.23999786,-4.15999985,
,,,48.27999878,-4.15999985,
,,,48.31999969,-4.15999985,
,,,48.36000061,-4.15999985,
,,,48.39999771,-4.15999985,
,,,48.43999863,-4.15999985,
,,,48.47999954,-4.15999985,
,,,48.52000046,-4.15999985,
,,,48.55999756,-4.15999985,
,,,48.59999847,-4.15999985,
,,,48.63999939,-4.15999985,
,,,48.68000031,-4.15999985,
,,,48.71999741,-4.15999985,
,,,48.75999832,-4.15999985,
,,,48.79999924,-4.15999985,
,,,48.84000015,-4.15999985,
,,,48.87999725,-4.15999985,
,,,48.91999817,-4.15999985,
,,,48.95999908,-4.15999985,
,,,49.00000000,-4.15999985,
,,,49.03999710,-4.15999985,
,,,49.07999802,-4.15999985,
,,,49.11999893,-4.15999985,
,,,49.15999985,-4.15999985,
,,,49.20000076,-4.15999985,
,,,49.23999786,-4.15999985,
,,,49.27999878,-4.15999985,
,,,49.31999969,-4.15999985,
,,,49.36000061,-4.15999985,
,,,49.39999771,-4.15999985,
,,,49.43999863,-4.15999985,
,,,49.47999954,-4.15999985,
,,,49.52000046,-4.15999985,
,,,49.55999756,-4.15999985,
,,,49.59999847,-4.15999985,
,,,49.63999939,-4.15999985,
,,,49.68000031,-4.15999985,
,,,49.71999741,-4.15999985,
,,,49.75999832,-4.15999985,
,,,49.79999924,-4.15999985,
,,,49.84000015,-4.15999985,
,,,49.87999725,-4.15999985,
,,,49.91999817,-4.15999985,
,,,49.95999908,-4.15999985,
,,,50.00000000,-4.15999985,
,,,50.03999710,-4.15999985,
,,,50.07999802,-4.15999985,
,,,50.11999893,-4.15999985,
,,,50.15999985,-4.15999985,
,,,50.20000076,-4.15999985,
,,,50.23999786,-4.15999985,
,,,50.27999878,-4.15999985,
,,,50.31999969,-4.15999985,
,,,50.36000061,-4.15999985,
,,,50.39999771,-4.15999985,
,,,50.43999863,-4.15999985,
,,,50.47999954,-4.15999985,
,,,50.52000046,-4.15999985,
,,,50.55999756,-4.15999985,
,,,50.59999847,-4.15999985,
,,,50.63999939,-4.15999985,
,,,50.68000031,-4.15999985,
,,,50.71999741,-4.15999985,
,,,50.75999832,-4.15999985,
,,,50.79999924,-4.15999985,
,,,50.84000015,-4.15999985,
,,,50.87999725,-4.15999985,
,,,50.91999817,-4.15999985,
,,,50.95999908,-4.15999985,
,,,51.00000000,-4.15999985,
,,,51.03999710,-4.15999985,
,,,51.07999802,-4.15999985,
,,,51.11999893,-4.15999985,
,,,51.15999985,-4.15999985,
,,,51.19999695,-4.15999985,
,,,51.23999786,-4.15999985,
,,,51.27999878,-4.15999985,
,,,51.31999969,-4.15999985,
,,,51.36000061,-4.15999985,
,,,51.39999771,-4.15999985,
,,,51.43999863,-4.15999985,
,,,51.47999954,-4.15999985,
,,,51.52000046,-4.15999985,
,,,51.55999756,-4.15999985,
,,,51.59999847,-4.15999985,
,,,51.63999939,-4.15999985,
,,,51.68000031,-4.15999985,
,,,51.71999741,-4.15999985,
,,,51.75999832,-4.15999985,
,,,51.79999924,-4.15999985,
,,,51.84000015,-4.15999985,
,,,51.87999725,-4.15999985,
,,,51.91999817,-4.15999985,
,,,51.95999908,-4.15999985,
,,,52.00000000,-4.15999985,
,,,52.03999710,-4.15999985,
,,,52.07999802,-4.15999985,
,,,52.11999893,-4.15999985,
,,,52.15999985,-4.15999985,
,,,52.19999695,-4.15999985,
,,,52.23999786,-4.15999985,
,,,52.27999878,-4.15999985,
,,,52.31999969,-4.15999985,
,,,52.36000061,-4.15999985,
,,,52.39999771,-4.15999985,
,,,52.43999863,-4.15999985,
,,,52.47999954,-4.15999985,
,,,52.52000046,-4.15999985,
,,,52.55999756,-4.15999985,
,,,52.59999847,-4.15999985,
,,,52.63999939,-4.15999985,
,,,52.68000031,-4.15999985,
,,,52.71999741,-4.15999985,
,,,52.75999832,-4.15999985,
,,,52.79999924,-4.15999985,
,,,52.84000015,-4.15999985,
,,,52.87999725,-4.15999985,
,,,52.91999817,-4.15999985,
,,,52.95999908,-4.15999985,
,,,53.00000000,-4.15999985,
,,,53.03999710,-4.15999985,
,,,53.07999802,-4.15999985,
,,,53.11999893,-4.15999985,
,,,53.15999985,-4.15999985,
,,,53.19999695,-4.15999985,
,,,53.23999786,-4.15999985,
,,,53.27999878,-4.15999985,
,,,53.31999969,-4.15999985,
,,,53.36000061,-4.15999985,
,,,53.39999771,-4.15999985,
,,,53.43999863,-4.15999985,
,,,53.47999954,-4.15999985,
,,,53.52000046,-4.15999985,
,,,53.55999756,-4.15999985,
,,,53.59999847,-4.15999985,
,,,53.63999939,-4.15999985,
,,,53.68000031,-4.15999985,
,,,53.71999741,-4.15999985,
,,,53.75999832,-4.15999985,
,,,53.79999924,-4.15999985,
,,,53.84000015,-4.15999985,
,,,53.87999725,-4.15999985,
,,,53.91999817,-4.15999985,
,,,53.95999908,-4.15999985,
,,,54.00000000,-4.15999985,
,,,54.03999710,-4.15999985,
,,,54.07999802,-4.15999985,
,,,54.11999893,-4.15999985,
,,,54.15999985,-4.15999985,
,,,54.19999695,-4.15999985,
,,,54.23999786,-4.15999985,
,,,54.27999878,-4.15999985,
,,,54.31999969,-4.15999985,
,,,54.36000061,-4.15999985,
,,,54.39999771,-4.15999985,
,,,54.43999863,-4.15999985,
,,,54.47999954,-4.15999985,
,,,54.52000046,-4.15999985,
,,,54.55999756,-4.15999985,
,,,54.599998474,-4.15999985,
,,,54.639999390,-4.15999985,
,,,54.680000305,-4.15999985,
,,,54.719997406,-4.15999985,
,,,54.759998322,-4.15999985,
,,,54.799999237,-4.15999985,
,,,54.840000153,-4.15999985,
,,,54.879997253,-4.15999985,
,,,54.919998169,-4.15999985,
,,,54.959999084,-4.15999985,
,,,55.000000000,-4.15999985,
,,,55.039997101,-4.15999985,
,,,55.079998016,-4.15999985,
,,,55.119998932,-4.15999985,
,,,55.159999847,-4.15999985,
,,,55.199996948,-4.15999985,
,,,55.239997864,-4.15999985,
,,,55.279998779,-4.15999985,
,,,55.319999695,-4.15999985,
,,,55.360000610,-4.15999985,
,,,55.399997711,-4.15999985,
,,,55.439998627,-4.15999985,
,,,55.479999542,-4.15999985,
,,,55.520000458,-4.15999985,
,,,55.559997559,-4.15999985,
,,,55.599998474,-4.15999985,
,,,55.639999390,-4.15999985,
,,,55.680000305,-4.15999985,
,,,55.719997406,-4.15999985,
,,,55.759998322,-4.15999985,
,,,55.799999237,-4.15999985,
,,,55.840000153,-4.15999985,
,,,55.879997253,-4.15999985,
,,,55.919998169,-4.15999985,
,,,55.959999084,-4.15999985,
,,,56.000000000,-4.15999985,
,,,56.039997101,-4.15999985,
,,,56.079998016,-4.15999985,
,,,56.119998932,-4.15999985,
,,,56.159999847,-4.15999985,
,,,56.199996948,-4.15999985,
,,,56.239997864,-4.15999985,
,,,56.279998779,-4.15999985,
,,,56.319999695,-4.15999985,
,,,56.360000610,-4.15999985,
,,,56.399997711,-4.15999985,
,,,56.439998627,-4.15999985,
,,,56.479999542,-4.15999985,
,,,56.520000458,-4.15999985,
,,,56.559997559,-4.15999985,
,,,56.599998474,-4.15999985,
,,,56.639999390,-4.15999985,
,,,56.680000305,-4.15999985,
,,,56.719997406,-4.15999985,
,,,56.759998322,-4.15999985,
,,,56.799999237,-4.15999985,
,,,56.840000153,-4.15999985,
,,,56.879997253,-4.15999985,
,,,56.919998169,-4.15999985,
,,,56.959999084,-4.15999985,
,,,57.000000000,-4.15999985,
,,,57.039997101,-4.15999985,
,,,57.079998016,-4.15999985,
,,,57.119998932,-4.15999985,
,,,57.159999847,-4.15999985,
,,,57.199996948,-4.15999985,
,,,57.239997864,-4.15999985,
,,,57.279998779,-4.15999985,
,,,57.319999695,-4.15999985,
,,,57.360000610,-4.15999985,
,,,57.399997711,-4.15999985,
,,,57.439998627,-4.15999985,
,,,57.479999542,-4.15999985,
,,,57.520000458,-4.15999985,
,,,57.559997559,-4.15999985,
,,,57.599998474,-4.15999985,
,,,57.639999390,-4.15999985,
,,,57.680000305,-4.15999985,
,,,57.719997406,-4.15999985,
,,,57.759998322,-4.15999985,
,,,57.799999237,-4.15999985,
,,,57.840000153,-4.15999985,
,,,57.879997253,-4.15999985,
,,,57.919998169,-4.15999985,
,,,57.959999084,-4.15999985,
,,,58.000000000,-4.15999985,
,,,58.039997101,-4.15999985,
,,,58.079998016,-4.15999985,
,,,58.119998932,-4.15999985,
,,,58.159999847,-4.15999985,
,,,58.199996948,-4.15999985,
,,,58.239997864,-4.15999985,
,,,58.279998779,-4.15999985,
,,,58.319999695,-4.15999985,
,,,58.359996796,-4.15999985,
,,,58.399997711,-4.15999985,
,,,58.439998627,-4.15999985,
,,,58.479999542,-4.15999985,
,,,58.520000458,-4.15999985,
,,,58.559997559,-4.15999985,
,,,58.599998474,-4.15999985,
,,,58.639999390,-4.15999985,
,,,58.680000305,-4.15999985,
,,,58.719997406,-4.15999985,
,,,58.759998322,-4.15999985,
,,,58.799999237,-4.15999985,
,,,58.840000153,-4.15999985,
,,,58.879997253,-4.15999985,
,,,58.919998169,-4.15999985,
,,,58.959999084,-4.15999985,
,,,59.000000000,-4.15999985,
,,,59.039997101,-4.15999985,
,,,59.079998016,-4.15999985,
,,,59.119998932,-4.15999985,
,,,59.159999847,-4.15999985,
,,,59.199996948,-4.15999985,
,,,59.239997864,-4.15999985,
,,,59.279998779,-4.15999985,
,,,59.319999695,-4.15999985,
,,,59.359996796,-4.15999985,
,,,59.399997711,-4.15999985,
,,,59.439998627,-4.15999985,
,,,59.479999542,-4.15999985,
,,,59.520000458,-4.15999985,
,,,59.559997559,-4.15999985,
,,,59.599998474,-4.15999985,
,,,59.639999390,-4.15999985,
,,,59.680000305,-4.15999985,
,,,59.719997406,-4.15999985,
,,,59.759998322,-4.15999985,
,,,59.799999237,-4.15999985,
,,,59.840000153,-4.15999985,
,,,59.879997253,-4.15999985,
,,,59.919998169,-4.15999985,
,,,59.959999084,-4.15999985,
,,,60.000000000,-4.15999985,
,,,60.039997101,-4.15999985,
,,,60.079998016,-4.15999985,
,,,60.119998932,-4.15999985,
,,,60.159999847,-4.15999985,
,,,60.199996948,-4.15999985,
,,,60.239997864,-4.15999985,
,,,60.279998779,-4.15999985,
,,,60.319999695,-4.15999985,
,,,60.359996796,-4.15999985,
,,,60.399997711,-4.15999985,
,,,60.439998627,-4.15999985,
,,,60.479999542,-4.15999985,
,,,60.520000458,-4.15999985,
,,,60.559997559,-4.15999985,
,,,60.599998474,-4.15999985,
,,,60.639999390,-4.15999985,
,,,60.680000305,-4.15999985,
,,,60.719997406,-4.15999985,
,,,60.759998322,-4.15999985,
,,,60.799999237,-4.15999985,
,,,60.840000153,-4.15999985,
,,,60.879997253,-4.15999985,
,,,60.919998169,-4.15999985,
,,,60.959999084,-4.15999985,
,,,61.000000000,-4.15999985,
,,,61.039997101,-4.15999985,
,,,61.079998016,-4.15999985,
,,,61.119998932,-4.15999985,
,,,61.159999847,-4.15999985,
,,,61.199996948,-4.15999985,
,,,61.239997864,-4.15999985,
,,,61.279998779,-4.15999985,
,,,61.319999695,-4.15999985,
,,,61.359996796,-4.15999985,
,,,61.399997711,-4.15999985,
,,,61.439998627,-4.15999985,
,,,61.479999542,-4.15999985,
,,,61.520000458,-4.15999985,
,,,61.559997559,-4.15999985,
,,,61.599998474,-4.15999985,
,,,61.639999390,-4.15999985,
,,,61.680000305,-4.15999985,
,,,61.719997406,-4.15999985,
,,,61.759998322,-4.15999985,
,,,61.799999237,-4.15999985,
,,,61.840000153,-4.15999985,
,,,61.879997253,-4.15999985,
,,,61.919998169,-4.15999985,
,,,61.959999084,-4.15999985,
,,,62.000000000,-4.15999985,
,,,62.039997101,-4.15999985,
,,,62.079998016,-4.15999985,
,,,62.119998932,-4.15999985,
,,,62.159999847,-4.15999985,
,,,62.199996948,-4.15999985,
,,,62.239997864,-4.15999985,
,,,62.279998779,-4.15999985,
,,,62.319999695,-4.15999985,
,,,62.359996796,-4.15999985,
,,,62.399997711,-4.15999985,
,,,62.439998627,-4.15999985,
,,,62.479999542,-4.15999985,
,,,62.520000458,-4.15999985,
,,,62.559997559,-4.15999985,
,,,62.599998474,-4.15999985,
,,,62.639999390,-4.15999985,
,,,62.680000305,-4.15999985,
,,,62.719997406,-4.15999985,
,,,62.759998322,-4.15999985,
,,,62.799999237,-4.15999985,
,,,62.840000153,-4.15999985,
,,,62.879997253,-4.15999985,
,,,62.919998169,-4.15999985,
,,,62.959999084,-4.15999985,
,,,63.000000000,-4.15999985,
,,,63.039997101,-4.15999985,
,,,63.079998016,-4.15999985,
,,,63.119998932,-4.15999985,
,,,63.159999847,-4.15999985,
,,,63.199996948,-4.15999985,
,,,63.239997864,-4.15999985,
,,,63.279998779,-4.15999985,
,,,63.319999695,-4.15999985,
,,,63.359996796,-4.15999985,
,,,63.399997711,-4.15999985,
,,,63.439998627,-4.15999985,
,,,63.479999542,-4.15999985,
,,,63.520000458,-4.15999985,
,,,63.559997559,-4.15999985,
,,,63.599998474,-4.15999985,
,,,63.639999390,-4.15999985,
,,,63.680000305,-4.15999985,
,,,63.719997406,-4.15999985,
,,,63.759998322,-4.15999985,
,,,63.799999237,-4.15999985,
,,,63.840000153,-4.15999985,
,,,63.879997253,-4.15999985,
,,,63.919998169,-4.15999985,
,,,63.959999084,-4.15999985,
,,,64.000000000,-4.15999985,
,,,64.040000916,-4.15999985,
,,,64.080001831,-4.15999985,
,,,64.119995117,-4.15999985,
,,,64.159996033,-4.15999985,
,,,64.199996948,-4.15999985,
,,,64.239997864,-4.15999985,
,,,64.279998779,-4.15999985,
,,,64.319999695,-4.15999985,
,,,64.360000610,-4.15999985,
,,,64.400001526,-4.15999985,
,,,64.439994812,-4.15999985,
,,,64.479995728,-4.15999985,
,,,64.519996643,-4.15999985,
,,,64.559997559,-4.15999985,
,,,64.599998474,-4.15999985,
,,,64.639999390,-4.15999985,
,,,64.680000305,-4.15999985,
,,,64.720001221,-4.15999985,
,,,64.760002136,-4.15999985,
,,,64.799995422,-4.15999985,
,,,64.839996338,-4.15999985,
,,,64.879997253,-4.15999985,
,,,64.919998169,-4.15999985,
,,,64.959999084,-4.15999985,
,,,65.000000000,-4.15999985,
,,,65.040000916,-4.15999985,
,,,65.080001831,-4.15999985,
,,,65.119995117,-4.15999985,
,,,65.159996033,-4.15999985,
,,,65.199996948,-4.15999985,
,,,65.239997864,-4.15999985,
,,,65.279998779,-4.15999985,
,,,65.319999695,-4.15999985,
,,,65.360000610,-4.15999985,
,,,65.400001526,-4.15999985,
,,,65.439994812,-4.15999985,
,,,65.479995728,-4.15999985,
,,,65.519996643,-4.15999985,
,,,65.559997559,-4.15999985,
,,,65.599998474,-4.15999985,
,,,65.639999390,-4.15999985,
,,,65.680000305,-4.15999985,
,,,65.720001221,-4.15999985,
,,,65.760002136,-4.15999985,
,,,65.799995422,-4.15999985,
,,,65.839996338,-4.15999985,
,,,65.879997253,-4.15999985,
,,,65.919998169,-4.15999985,
,,,65.959999084,-4.15999985,
,,,66.000000000,-4.15999985,
,,,66.040000916,-4.15999985,
,,,66.080001831,-4.15999985,
,,,66.119995117,-4.15999985,
,,,66.159996033,-4.15999985,
,,,66.199996948,-4.15999985,
,,,66.239997864,-4.15999985,
,,,66.279998779,-4.15999985,
,,,66.319999695,-4.15999985,
,,,66.360000610,-4.15999985,
,,,66.400001526,-4.15999985,
,,,66.439994812,-4.15999985,
,,,66.479995728,-4.15999985,
,,,66.519996643,-4.15999985,
,,,66.559997559,-4.15999985,
,,,66.599998474,-4.15999985,
,,,66.639999390,-4.15999985,
,,,66.680000305,-4.15999985,
,,,66.720001221,-4.15999985,
,,,66.760002136,-4.15999985,
,,,66.799995422,-4.15999985,
,,,66.839996338,-4.15999985,
,,,66.879997253,-4.15999985,
,,,66.919998169,-4.15999985,
,,,66.959999084,-4.15999985,
,,,67.000000000,-4.15999985,
,,,67.040000916,-4.15999985,
,,,67.080001831,-4.15999985,
,,,67.119995117,-4.15999985,
,,,67.159996033,-4.15999985,
,,,67.199996948,-4.15999985,
,,,67.239997864,-4.15999985,
,,,67.279998779,-4.15999985,
,,,67.319999695,-4.15999985,
,,,67.360000610,-4.15999985,
,,,67.400001526,-4.15999985,
,,,67.439994812,-4.15999985,
,,,67.479995728,-4.15999985,
,,,67.519996643,-4.15999985,
,,,67.559997559,-4.15999985,
,,,67.599998474,-4.15999985,
,,,67.639999390,-4.15999985,
,,,67.680000305,-4.15999985,
,,,67.720001221,-4.15999985,
,,,67.760002136,-4.15999985,
,,,67.799995422,-4.15999985,
,,,67.839996338,-4.15999985,
,,,67.879997253,-4.15999985,
,,,67.919998169,-4.15999985,
,,,67.959999084,-4.15999985,
,,,68.000000000,-4.15999985,
,,,68.040000916,-4.15999985,
,,,68.080001831,-4.15999985,
,,,68.119995117,-4.15999985,
,,,68.159996033,-4.15999985,
,,,68.199996948,-4.15999985,
,,,68.239997864,-4.15999985,
,,,68.279998779,-4.15999985,
,,,68.319999695,-4.15999985,
,,,68.360000610,-4.15999985,
,,,68.400001526,-4.15999985,
,,,68.439994812,-4.15999985,
,,,68.479995728,-4.15999985,
,,,68.519996643,-4.15999985,
,,,68.559997559,-4.15999985,
,,,68.599998474,-4.15999985,
,,,68.639999390,-4.15999985,
,,,68.680000305,-4.15999985,
,,,68.720001221,-4.15999985,
,,,68.760002136,-4.15999985,
,,,68.799995422,-4.15999985,
,,,68.839996338,-4.15999985,
,,,68.879997253,-4.15999985,
,,,68.919998169,-4.15999985,
,,,68.959999084,-4.15999985,
,,,69.000000000,-4.15999985,
,,,69.040000916,-4.15999985,
,,,69.080001831,-4.15999985,
,,,69.119995117,-4.15999985,
,,,69.159996033,-4.15999985,
,,,69.199996948,-4.15999985,
,,,69.239997864,-4.15999985,
,,,69.279998779,-4.15999985,
,,,69.319999695,-4.15999985,
,,,69.360000610,-4.15999985,
,,,69.400001526,-4.15999985,
,,,69.439994812,-4.15999985,
,,,69.479995728,-4.15999985,
,,,69.519996643,-4.15999985,
,,,69.559997559,-4.15999985,
,,,69.599998474,-4.15999985,
,,,69.639999390,-4.15999985,
,,,69.680000305,-4.15999985,
,,,69.720001221,-4.15999985,
,,,69.760002136,-4.15999985,
,,,69.799995422,-4.15999985,
,,,69.839996338,-4.15999985,
,,,69.879997253,-4.15999985,
,,,69.919998169,-4.15999985,
,,,69.959999084,-4.15999985,
,,,70.000000000,-4.15999985,
,,,70.040000916,-4.15999985,
,,,70.080001831,-4.15999985,
,,,70.119995117,-4.15999985,
,,,70.159996033,-4.15999985,
,,,70.199996948,-4.15999985,
,,,70.239997864,-4.15999985,
,,,70.279998779,-4.15999985,
,,,70.319999695,-4.15999985,
,,,70.360000610,-4.15999985,
,,,70.400001526,-4.15999985,
,,,70.439994812,-4.15999985,
,,,70.479995728,-4.15999985,
,,,70.519996643,-4.15999985,
,,,70.559997559,-4.15999985,
,,,70.599998474,-4.15999985,
,,,70.639999390,-4.15999985,
,,,70.680000305,-4.15999985,
,,,70.720001221,-4.15999985,
,,,70.760002136,-4.15999985,
,,,70.799995422,-4.15999985,
,,,70.839996338,-4.15999985,
,,,70.879997253,-4.15999985,
,,,70.919998169,-4.15999985,
,,,70.959999084,-4.15999985,
,,,71.000000000,-4.15999985,
,,,71.040000916,-4.15999985,
,,,71.080001831,-4.15999985,
,,,71.119995117,-4.15999985,
,,,71.159996033,-4.15999985,
,,,71.199996948,-4.15999985,
,,,71.239997864,-4.15999985,
,,,71.279998779,-4.15999985,
,,,71.319999695,-4.15999985,
,,,71.360000610,-4.15999985,
,,,71.400001526,-4.15999985,
,,,71.439994812,-4.15999985,
,,,71.479995728,-4.15999985,
,,,71.519996643,-4.15999985,
,,,71.559997559,-4.15999985,
,,,71.599998474,-4.15999985,
,,,71.639999390,-4.15999985,
,,,71.680000305,-4.15999985,
,,,71.720001221,-4.15999985,
,,,71.760002136,-4.15999985,
,,,71.799995422,-4.15999985,
,,,71.839996338,-4.15999985,
,,,71.879997253,-4.15999985,
,,,71.919998169,-4.15999985,
,,,71.959999084,-4.15999985,
,,,72.000000000,-4.15999985,
,,,72.040000916,-4.15999985,
,,,72.080001831,-4.15999985,
,,,72.119995117,-4.15999985,
,,,72.159996033,-4.15999985,
,,,72.199996948,-4.15999985,
,,,72.239997864,-4.15999985,
,,,72.279998779,-4.15999985,
,,,72.319999695,-4.15999985,
,,,72.360000610,-4.15999985,
,,,72.400001526,-4.15999985,
,,,72.439994812,-4.15999985,
,,,72.479995728,-4.15999985,
,,,72.519996643,-4.15999985,
,,,72.559997559,-4.15999985,
,,,72.599998474,-4.15999985,
,,,72.639999390,-4.15999985,
,,,72.680000305,-4.15999985,
,,,72.720001221,-4.15999985,
,,,72.760002136,-4.15999985,
,,,72.799995422,-4.15999985,
,,,72.839996338,-4.15999985,
,,,72.879997253,-4.15999985,
,,,72.919998169,-4.15999985,
,,,72.959999084,-4.15999985,
,,,73.000000000,-4.15999985,
,,,73.040000916,-4.15999985,
,,,73.080001831,-4.15999985,
,,,73.119995117,-4.15999985,
,,,73.159996033,-4.15999985,
,,,73.199996948,-4.15999985,
,,,73.239997864,-4.15999985,
,,,73.279998779,-4.15999985,
,,,73.319999695,-4.15999985,
,,,73.360000610,-4.15999985,
,,,73.400001526,-4.15999985,
,,,73.439994812,-4.15999985,
,,,73.479995728,-4.15999985,
,,,73.519996643,-4.15999985,
,,,73.559997559,-4.15999985,
,,,73.599998474,-4.15999985,
,,,73.639999390,-4.15999985,
,,,73.680000305,-4.15999985,
,,,73.720001221,-4.15999985,
,,,73.760002136,-4.15999985,
,,,73.799995422,-4.15999985,
,,,73.839996338,-4.15999985,
,,,73.879997253,-4.15999985,
,,,73.919998169,-4.15999985,
,,,73.959999084,-4.15999985,
,,,74.000000000,-4.15999985,
,,,74.040000916,-4.15999985,
,,,74.080001831,-4.15999985,
,,,74.119995117,-4.15999985,
,,,74.159996033,-4.15999985,
,,,74.199996948,-4.15999985,
,,,74.239997864,-4.15999985,
,,,74.279998779,-4.15999985,
,,,74.319999695,-4.15999985,
,,,74.360000610,-4.15999985,
,,,74.400001526,-4.15999985,
,,,74.439994812,-4.15999985,
,,,74.479995728,-4.15999985,
,,,74.519996643,-4.15999985,
,,,74.559997559,-4.15999985,
,,,74.599998474,-4.15999985,
,,,74.639999390,-4.15999985,
,,,74.680000305,-4.15999985,
,,,74.720001221,-4.15999985,
,,,74.760002136,-4.15999985,
,,,74.799995422,-4.15999985,
,,,74.839996338,-4.15999985,
,,,74.879997253,-4.15999985,
,,,74.919998169,-4.15999985,
,,,74.959999084,-4.15999985,
,,,75.000000000,-4.15999985,
,,,75.040000916,-4.15999985,
,,,75.080001831,-4.15999985,
,,,75.119995117,-4.15999985,
,,,75.159996033,-4.15999985,
,,,75.199996948,-4.15999985,
,,,75.239997864,-4.15999985,
,,,75.279998779,-4.15999985,
,,,75.319999695,-4.15999985,
,,,75.360000610,-4.15999985,
,,,75.400001526,-4.15999985,
,,,75.439994812,-4.15999985,
,,,75.479995728,-4.15999985,
,,,75.519996643,-4.15999985,
,,,75.559997559,-4.15999985,
,,,75.599998474,-4.15999985,
,,,75.639999390,-4.15999985,
,,,75.680000305,-4.15999985,
,,,75.720001221,-4.15999985,
,,,75.759994507,-4.15999985,
,,,75.799995422,-4.15999985,
,,,75.839996338,-4.15999985,
,,,75.879997253,-4.15999985,
,,,75.919998169,-4.15999985,
,,,75.959999084,-4.15999985,
,,,76.000000000,-4.15999985,
,,,76.040000916,-4.15999985,
,,,76.080001831,-4.15999985,
,,,76.119995117,-4.15999985,
,,,76.159996033,-4.15999985,
,,,76.199996948,-4.15999985,
,,,76.239997864,-4.15999985,
,,,76.279998779,-4.15999985,
,,,76.319999695,-4.15999985,
,,,76.360000610,-4.15999985,
,,,76.400001526,-4.15999985,
,,,76.439994812,-4.15999985,
,,,76.479995728,-4.15999985,
,,,76.519996643,-4.15999985,
,,,76.559997559,-4.15999985,
,,,76.599998474,-4.15999985,
,,,76.639999390,-4.15999985,
,,,76.680000305,-4.15999985,
,,,76.720001221,-4.15999985,
,,,76.759994507,-4.15999985,
,,,76.799995422,-4.15999985,
,,,76.839996338,-4.15999985,
,,,76.879997253,-4.15999985,
,,,76.919998169,-4.15999985,
,,,76.959999084,-4.15999985,
,,,77.000000000,-4.15999985,
,,,77.040000916,-4.15999985,
,,,77.080001831,-4.15999985,
,,,77.119995117,-4.15999985,
,,,77.159996033,-4.15999985,
,,,77.199996948,-4.15999985,
,,,77.239997864,-4.15999985,
,,,77.279998779,-4.15999985,
,,,77.319999695,-4.15999985,
,,,77.360000610,-4.15999985,
,,,77.400001526,-4.15999985,
,,,77.439994812,-4.15999985,
,,,77.479995728,-4.15999985,
,,,77.519996643,-4.15999985,
,,,77.559997559,-4.15999985,
,,,77.599998474,-4.15999985,
,,,77.639999390,-4.15999985,
,,,77.680000305,-4.15999985,
,,,77.720001221,-4.15999985,
,,,77.759994507,-4.15999985,
,,,77.799995422,-4.15999985,
,,,77.839996338,-4.15999985,
,,,77.879997253,-4.15999985,
,,,77.919998169,-4.15999985,
,,,77.959999084,-4.15999985,
,,,78.000000000,-4.15999985,
,,,78.040000916,-4.15999985,
,,,78.080001831,-4.15999985,
,,,78.119995117,-4.15999985,
,,,78.159996033,-4.15999985,
,,,78.199996948,-4.15999985,
,,,78.239997864,-4.15999985,
,,,78.279998779,-4.15999985,
,,,78.319999695,-4.15999985,
,,,78.360000610,-4.15999985,
,,,78.400001526,-4.15999985,
,,,78.439994812,-4.15999985,
,,,78.479995728,-4.15999985,
,,,78.519996643,-4.15999985,
,,,78.559997559,-4.15999985,
,,,78.599998474,-4.15999985,
,,,78.639999390,-4.15999985,
,,,78.680000305,-4.15999985,
,,,78.720001221,-4.15999985,
,,,78.759994507,-4.15999985,
,,,78.799995422,-4.15999985,
,,,78.839996338,-4.15999985,
,,,78.879997253,-4.15999985,
,,,78.919998169,-4.15999985,
,,,78.959999084,-4.15999985,
,,,79.000000000,-4.15999985,
,,,79.040000916,-4.15999985,
,,,79.080001831,-4.15999985,
,,,79.119995117,-4.15999985,
,,,79.159996033,-4.15999985,
,,,79.199996948,-4.15999985,
,,,79.239997864,-4.15999985,
,,,79.279998779,-4.15999985,
,,,79.319999695,-4.15999985,
,,,79.360000610,-4.15999985,
,,,79.400001526,-4.15999985,
,,,79.439994812,-4.15999985,
,,,79.479995728,-4.15999985,
,,,79.519996643,-4.15999985,
,,,79.559997559,-4.15999985,
,,,79.599998474,-4.15999985,
,,,79.639999390,-4.15999985,
,,,79.680000305,-4.15999985,
,,,79.720001221,-4.15999985,
,,,79.759994507,-4.15999985,
,,,79.799995422,-4.15999985,
,,,79.839996338,-4.15999985,
,,,79.879997253,-4.15999985,
,,,79.919998169,-4.15999985,
,,,79.959999084,-4.15999985,
,,,80.000000000,-4.15999985,
,,,80.040000916,-4.15999985,
,,,80.080001831,-4.15999985,
,,,80.119995117,-4.15999985,
,,,80.159996033,-4.15999985,
,,,80.199996948,-4.15999985,
,,,80.239997864,-4.15999985,
,,,80.279998779,-4.15999985,
,,,80.319999695,-4.15999985,
,,,80.360000610,-4.15999985,
,,,80.400001526,-4.15999985,
,,,80.439994812,-4.15999985,
,,,80.479995728,-4.15999985,
,,,80.519996643,-4.15999985,
,,,80.559997559,-4.15999985,
,,,80.599998474,-4.15999985,
,,,80.639999390,-4.15999985,
,,,80.680000305,-4.15999985,
,,,80.720001221,-4.15999985,
,,,80.759994507,-4.15999985,
,,,80.799995422,-4.15999985,
,,,80.839996338,-4.15999985,
,,,80.879997253,-4.15999985,
,,,80.919998169,-4.15999985,
,,,80.959999084,-4.15999985,
,,,81.000000000,-4.15999985,
,,,81.040000916,-4.15999985,
,,,81.080001831,-4.15999985,
,,,81.119995117,-4.15999985,
,,,81.159996033,-4.15999985,
,,,81.199996948,-4.15999985,
,,,81.239997864,-4.15999985,
,,,81.279998779,-4.15999985,
,,,81.319999695,-4.15999985,
,,,81.360000610,-4.15999985,
,,,81.400001526,-4.15999985,
,,,81.439994812,-4.15999985,
,,,81.479995728,-4.15999985,
,,,81.519996643,-4.15999985,
,,,81.559997559,-4.15999985,
,,,81.599998474,-4.15999985,
,,,81.639999390,-4.15999985,
,,,81.680000305,-4.15999985,
,,,81.720001221,-4.15999985,
,,,81.759994507,-4.15999985,
,,,81.799995422,-4.15999985,
,,,81.839996338,-4.15999985,
,,,81.879997253,-4.15999985,
,,,81.919998169,-4.15999985,
,,,81.959999084,-4.15999985,
,,,82.000000000,-4.15999985,
,,,82.040000916,-4.15999985,
,,,82.080001831,-4.15999985,
,,,82.119995117,-4.15999985,
,,,82.159996033,-4.15999985,
,,,82.199996948,-4.15999985,
,,,82.239997864,-4.15999985,
,,,82.279998779,-4.15999985,
,,,82.319999695,-4.15999985,
,,,82.360000610,-4.15999985,
,,,82.400001526,-4.15999985,
,,,82.439994812,-4.15999985,
,,,82.479995728,-4.15999985,
,,,82.519996643,-4.15999985,
,,,82.559997559,-4.15999985,
,,,82.599998474,-4.15999985,
,,,82.639999390,-4.15999985,
,,,82.680000305,-4.15999985,
,,,82.720001221,-4.15999985,
,,,82.759994507,-4.15999985,
,,,82.799995422,-4.15999985,
,,,82.839996338,-4.15999985,
,,,82.879997253,-4.15999985,
,,,82.919998169,-4.15999985,
,,,82.959999084,-4.15999985,
,,,83.000000000,-4.15999985,
,,,83.040000916,-4.15999985,
,,,83.080001831,-4.15999985,
,,,83.119995117,-4.15999985,
,,,83.159996033,-4.15999985,
,,,83.199996948,-4.15999985,
,,,83.239997864,-4.15999985,
,,,83.279998779,-4.15999985,
,,,83.319999695,-4.15999985,
,,,83.360000610,-4.15999985,
,,,83.400001526,-4.15999985,
,,,83.439994812,-4.15999985,
,,,83.479995728,-4.15999985,
,,,83.519996643,-4.15999985,
,,,83.559997559,-4.15999985,
,,,83.599998474,-4.15999985,
,,,83.639999390,-4.15999985,
,,,83.680000305,-4.15999985,
,,,83.720001221,-4.15999985,
,,,83.759994507,-4.15999985,
,,,83.799995422,-4.15999985,
,,,83.839996338,-4.15999985,
,,,83.879997253,-4.15999985,
,,,83.919998169,-4.15999985,
,,,83.959999084,-4.15999985,
,,,84.000000000,-4.15999985,
,,,84.040000916,-4.15999985,
,,,84.080001831,-4.15999985,
,,,84.119995117,-4.15999985,
,,,84.159996033,-4.15999985,
,,,84.199996948,-4.15999985,
,,,84.239997864,-4.15999985,
,,,84.279998779,-4.15999985,
,,,84.319999695,-4.15999985,
,,,84.360000610,-4.15999985,
,,,84.400001526,-4.15999985,
,,,84.439994812,-4.15999985,
,,,84.479995728,-4.15999985,
,,,84.519996643,-4.15999985,
,,,84.559997559,-4.15999985,
,,,84.599998474,-4.15999985,
,,,84.639999390,-4.15999985,
,,,84.680000305,-4.15999985,
,,,84.720001221,-4.15999985,
,,,84.759994507,-4.15999985,
,,,84.799995422,-4.15999985,
,,,84.839996338,-4.15999985,
,,,84.879997253,-4.15999985,
,,,84.919998169,-4.15999985,
,,,84.959999084,-4.15999985,
,,,85.000000000,-4.15999985,
,,,85.040000916,-4.15999985,
,,,85.080001831,-4.15999985,
,,,85.119995117,-4.15999985,
,,,85.159996033,-4.15999985,
,,,85.199996948,-4.15999985,
,,,85.239997864,-4.15999985,
,,,85.279998779,-4.15999985,
,,,85.319999695,-4.15999985,
,,,85.360000610,-4.15999985,
,,,85.400001526,-4.15999985,
,,,85.439994812,-4.15999985,
,,,85.479995728,-4.15999985,
,,,85.519996643,-4.15999985,
,,,85.559997559,-4.15999985,
,,,85.599998474,-4.15999985,
,,,85.639999390,-4.15999985,
,,,85.680000305,-4.15999985,
,,,85.720001221,-4.15999985,
,,,85.759994507,-4.15999985,
,,,85.799995422,-4.15999985,
,,,85.839996338,-4.15999985,
,,,85.879997253,-4.15999985,
,,,85.919998169,-4.15999985,
,,,85.959999084,-4.15999985,
,,,86.000000000,-4.15999985,
,,,86.040000916,-4.15999985,
,,,86.080001831,-4.15999985,
,,,86.119995117,-4.15999985,
,,,86.159996033,-4.15999985,
,,,86.199996948,-4.15999985,
,,,86.239997864,-4.15999985,
,,,86.279998779,-4.15999985,
,,,86.319999695,-4.15999985,
,,,86.360000610,-4.15999985,
,,,86.400001526,-4.15999985,
,,,86.439994812,-4.15999985,
,,,86.479995728,-4.15999985,
,,,86.519996643,-4.15999985,
,,,86.559997559,-4.15999985,
,,,86.599998474,-4.15999985,
,,,86.639999390,-4.15999985,
,,,86.680000305,-4.15999985,
,,,86.720001221,-4.15999985,
,,,86.759994507,-4.15999985,
,,,86.799995422,-4.15999985,
,,,86.839996338,-4.15999985,
,,,86.879997253,-4.15999985,
,,,86.919998169,-4.15999985,
,,,86.959999084,-4.15999985,
,,,87.000000000,-4.15999985,
,,,87.040000916,-4.15999985,
,,,87.080001831,-4.15999985,
,,,87.119995117,-4.15999985,
,,,87.159996033,-4.15999985,
,,,87.199996948,-4.15999985,
,,,87.239997864,-4.15999985,
,,,87.279998779,-4.15999985,
,,,87.319999695,-4.15999985,
,,,87.360000610,-4.15999985,
,,,87.400001526,-4.15999985,
,,,87.439994812,-4.15999985,
,,,87.479995728,-4.15999985,
,,,87.519996643,-4.15999985,
,,,87.559997559,-4.15999985,
,,,87.599998474,-4.15999985,
,,,87.639999390,-4.15999985,
,,,87.680000305,-4.15999985,
,,,87.720001221,-4.15999985,
,,,87.759994507,-4.15999985,
,,,87.799995422,-4.15999985,
,,,87.839996338,-4.15999985,
,,,87.879997253,-4.15999985,
,,,87.919998169,-4.15999985,
,,,87.959999084,-4.15999985,
,,,88.000000000,-4.15999985,
,,,88.040000916,-4.15999985,
,,,88.080001831,-4.15999985,
,,,88.119995117,-4.15999985,
,,,88.159996033,-4.15999985,
,,,88.199996948,-4.15999985,
,,,88.239997864,-4.15999985,
,,,88.279998779,-4.15999985,
,,,88.319999695,-4.15999985,
,,,88.360000610,-4.15999985,
,,,88.400001526,-4.15999985,
,,,88.439994812,-4.15999985,
,,,88.479995728,-4.15999985,
,,,88.519996643,-4.15999985,
,,,88.559997559,-4.15999985,
,,,88.599998474,-4.15999985,
,,,88.639999390,-4.15999985,
,,,88.680000305,-4.15999985,
,,,88.720001221,-4.15999985,
,,,88.759994507,-4.15999985,
,,,88.799995422,-4.15999985,
,,,88.839996338,-4.15999985,
,,,88.879997253,-4.15999985,
,,,88.919998169,-4.15999985,
,,,88.959999084,-4.15999985,
,,,89.000000000,-4.15999985,
,,,89.040000916,-4.15999985,
,,,89.079994202,-4.15999985,
,,,89.119995117,-4.15999985,
,,,89.159996033,-4.15999985,
,,,89.199996948,-4.15999985,
,,,89.239997864,-4.15999985,
,,,89.279998779,-4.15999985,
,,,89.319999695,-4.15999985,
,,,89.360000610,-4.15999985,
,,,89.400001526,-4.15999985,
,,,89.439994812,-4.15999985,
,,,89.479995728,-4.15999985,
,,,89.519996643,-4.15999985,
,,,89.559997559,-4.15999985,
,,,89.599998474,-4.15999985,
,,,89.639999390,-4.15999985,
,,,89.680000305,-4.15999985,
,,,89.720001221,-4.15999985,
,,,89.759994507,-4.15999985,
,,,89.799995422,-4.15999985,
,,,89.839996338,-4.15999985,
,,,89.879997253,-4.15999985,
,,,89.919998169,-4.15999985,
,,,89.959999084,-4.15999985,
,,,90.000000000,-4.15999985,
,,,90.040000916,-4.15999985,
,,,90.079994202,-4.15999985,
,,,90.119995117,-4.15999985,
,,,90.159996033,-4.15999985,
,,,90.199996948,-4.15999985,
,,,90.239997864,-4.15999985,
,,,90.279998779,-4.15999985,
,,,90.319999695,-4.15999985,
,,,90.360000610,-4.15999985,
,,,90.400001526,-4.15999985,
,,,90.439994812,-4.15999985,
,,,90.479995728,-4.15999985,
,,,90.519996643,-4.15999985,
,,,90.559997559,-4.15999985,
,,,90.599998474,-4.15999985,
,,,90.639999390,-4.15999985,
,,,90.680000305,-4.15999985,
,,,90.720001221,-4.15999985,
,,,90.759994507,-4.15999985,
,,,90.799995422,-4.15999985,
,,,90.839996338,-4.15999985,
,,,90.879997253,-4.15999985,
,,,90.919998169,-4.15999985,
,,,90.959999084,-4.15999985,
,,,91.000000000,-4.15999985,
,,,91.040000916,-4.15999985,
,,,91.079994202,-4.15999985,
,,,91.119995117,-4.15999985,
,,,91.159996033,-4.15999985,
,,,91.199996948,-4.15999985,
,,,91.239997864,-4.15999985,
,,,91.279998779,-4.15999985,
,,,91.319999695,-4.15999985,
,,,91.360000610,-4.15999985,
,,,91.400001526,-4.15999985,
,,,91.439994812,-4.15999985,
,,,91.479995728,-4.15999985,
,,,91.519996643,-4.15999985,
,,,91.559997559,-4.15999985,
,,,91.599998474,-4.15999985,
,,,91.639999390,-4.15999985,
,,,91.680000305,-4.15999985,
,,,91.720001221,-4.15999985,
,,,91.759994507,-4.15999985,
,,,91.799995422,-4.15999985,
,,,91.839996338,-4.15999985,
,,,91.879997253,-4.15999985,
,,,91.919998169,-4.15999985,
,,,91.959999084,-4.15999985,
,,,92.000000000,-4.15999985,
,,,92.040000916,-4.15999985,
,,,92.079994202,-4.15999985,
,,,92.119995117,-4.15999985,
,,,92.159996033,-4.15999985,
,,,92.199996948,-4.15999985,
,,,92.239997864,-4.15999985,
,,,92.279998779,-4.15999985,
,,,92.319999695,-4.15999985,
,,,92.360000610,-4.15999985,
,,,92.400001526,-4.15999985,
,,,92.439994812,-4.15999985,
,,,92.479995728,-4.15999985,
,,,92.519996643,-4.15999985,
,,,92.559997559,-4.15999985,
,,,92.599998474,-4.15999985,
,,,92.639999390,-4.15999985,
,,,92.680000305,-4.15999985,
,,,92.720001221,-4.15999985,
,,,92.759994507,-4.15999985,
,,,92.799995422,-4.15999985,
,,,92.839996338,-4.15999985,
,,,92.879997253,-4.15999985,
,,,92.919998169,-4.15999985,
,,,92.959999084,-4.15999985,
,,,93.000000000,-4.15999985,
,,,93.040000916,-4.15999985,
,,,93.079994202,-4.15999985,
,,,93.119995117,-4.15999985,
,,,93.159996033,-4.15999985,
,,,93.199996948,-4.15999985,
,,,93.239997864,-4.15999985,
,,,93.279998779,-4.15999985,
,,,93.319999695,-4.15999985,
,,,93.360000610,-4.15999985,
,,,93.400001526,-4.15999985,
,,,93.439994812,-4.15999985,
,,,93.479995728,-4.15999985,
,,,93.519996643,-4.15999985,
,,,93.559997559,-4.15999985,
,,,93.599998474,-4.15999985,
,,,93.639999390,-4.15999985,
,,,93.680000305,-4.15999985,
,,,93.720001221,-4.15999985,
,,,93.759994507,-4.15999985,
,,,93.799995422,-4.15999985,
,,,93.839996338,-4.15999985,
,,,93.879997253,-4.15999985,
,,,93.919998169,-4.15999985,
,,,93.959999084,-4.15999985,
,,,94.000000000,-4.15999985,
,,,94.040000916,-4.15999985,
,,,94.079994202,-4.15999985,
,,,94.119995117,-4.15999985,
,,,94.159996033,-4.15999985,
,,,94.199996948,-4.15999985,
,,,94.239997864,-4.15999985,
,,,94.279998779,-4.15999985,
,,,94.319999695,-4.15999985,
,,,94.360000610,-4.15999985,
,,,94.400001526,-4.15999985,
,,,94.439994812,-4.15999985,
,,,94.479995728,-4.15999985,
,,,94.519996643,-4.15999985,
,,,94.559997559,-4.15999985,
,,,94.599998474,-4.15999985,
,,,94.639999390,-4.15999985,
,,,94.680000305,-4.15999985,
,,,94.720001221,-4.15999985,
,,,94.759994507,-4.15999985,
,,,94.799995422,-4.15999985,
,,,94.839996338,-4.15999985,
,,,94.879997253,-4.15999985,
,,,94.919998169,-4.15999985,
,,,94.959999084,-4.15999985,
,,,95.000000000,-4.15999985,
,,,95.040000916,-4.15999985,
,,,95.079994202,-4.15999985,
,,,95.119995117,-4.15999985,
,,,95.159996033,-4.15999985,
,,,95.199996948,-4.15999985,
,,,95.239997864,-4.15999985,
,,,95.279998779,-4.15999985,
,,,95.319999695,-4.15999985,
,,,95.360000610,-4.15999985,
,,,95.400001526,-4.15999985,
,,,95.439994812,-4.15999985,
,,,95.479995728,-4.15999985,
,,,95.519996643,-4.15999985,
,,,95.559997559,-4.15999985,
,,,95.599998474,-4.15999985,
,,,95.639999390,-4.15999985,
,,,95.680000305,-4.15999985,
,,,95.720001221,-4.15999985,
,,,95.759994507,-4.15999985,
,,,95.799995422,-4.15999985,
,,,95.839996338,-4.15999985,
,,,95.879997253,-4.15999985,
,,,95.919998169,-4.15999985,
,,,95.959999084,-4.15999985,
,,,96.000000000,-4.15999985,
,,,96.040000916,-4.15999985,
,,,96.079994202,-4.15999985,
,,,96.119995117,-4.15999985,
,,,96.159996033,-4.15999985,
,,,96.199996948,-4.15999985,
,,,96.239997864,-4.15999985,
,,,96.279998779,-4.15999985,
,,,96.319999695,-4.15999985,
,,,96.360000610,-4.15999985,
,,,96.400001526,-4.15999985,
,,,96.439994812,-4.15999985,
,,,96.479995728,-4.15999985,
,,,96.519996643,-4.15999985,
,,,96.559997559,-4.15999985,
,,,96.599998474,-4.15999985,
,,,96.639999390,-4.15999985,
,,,96.680000305,-4.15999985,
,,,96.720001221,-4.15999985,
,,,96.759994507,-4.15999985,
,,,96.799995422,-4.15999985,
,,,96.839996338,-4.15999985,
,,,96.879997253,-4.15999985,
,,,96.919998169,-4.15999985,
,,,96.959999084,-4.15999985,
,,,97.000000000,-4.15999985,
,,,97.040000916,-4.15999985,
,,,97.079994202,-4.15999985,
,,,97.119995117,-4.15999985,
,,,97.159996033,-4.15999985,
,,,97.199996948,-4.15999985,
,,,97.239997864,-4.15999985,
,,,97.279998779,-4.15999985,
,,,97.319999695,-4.15999985,
,,,97.360000610,-4.15999985,
,,,97.400001526,-4.15999985,
,,,97.439994812,-4.15999985,
,,,97.479995728,-4.15999985,
,,,97.519996643,-4.15999985,
,,,97.559997559,-4.15999985,
,,,97.599998474,-4.15999985,
,,,97.639999390,-4.15999985,
,,,97.680000305,-4.15999985,
,,,97.720001221,-4.15999985,
,,,97.759994507,-4.15999985,
,,,97.799995422,-4.15999985,
,,,97.839996338,-4.15999985,
,,,97.879997253,-4.15999985,
,,,97.919998169,-4.15999985,
,,,97.959999084,-4.15999985,
,,,98.000000000,-4.15999985,
,,,98.040000916,-4.15999985,
,,,98.079994202,-4.15999985,
,,,98.119995117,-4.15999985,
,,,98.159996033,-4.15999985,
,,,98.199996948,-4.15999985,
,,,98.239997864,-4.15999985,
,,,98.279998779,-4.15999985,
,,,98.319999695,-4.15999985,
,,,98.360000610,-4.15999985,
,,,98.400001526,-4.15999985,
,,,98.439994812,-4.15999985,
,,,98.479995728,-4.15999985,
,,,98.519996643,-4.15999985,
,,,98.559997559,-4.15999985,
,,,98.599998474,-4.15999985,
,,,98.639999390,-4.15999985,
,,,98.680000305,-4.15999985,
,,,98.720001221,-4.15999985,
,,,98.759994507,-4.15999985,
,,,98.799995422,-4.15999985,
,,,98.839996338,-4.15999985,
,,,98.879997253,-4.15999985,
,,,98.919998169,-4.15999985,
,,,98.959999084,-4.15999985,
,,,99.000000000,-4.15999985,
,,,99.040000916,-4.15999985,
,,,99.079994202,-4.15999985,
,,,99.119995117,-4.15999985,
,,,99.159996033,-4.15999985,
,,,99.199996948,-4.15999985,
,,,99.239997864,-4.15999985,
,,,99.279998779,-4.15999985,
,,,99.319999695,-4.15999985,
,,,99.360000610,-4.15999985,
,,,99.400001526,-4.15999985,
,,,99.439994812,-4.15999985,
,,,99.479995728,-4.15999985,
,,,99.519996643,-4.15999985,
,,,99.559997559,-4.15999985,
,,,99.599998474,-4.15999985,
,,,99.639999390,-4.15999985,
,,,99.680000305,-4.15999985,
,,,99.720001221,-4.15999985,
,,,99.759994507,-4.15999985,
,,,99.799995422,-4.15999985,
,,,99.839996338,-4.15999985,
,,,99.879997253,-4.15999985,
,,,99.919998169,-4.15999985,
,,,99.959999084,-4.15999985,
